source,model,B,K,theta_a,theta_b,true_delta,m1_pt,m3_pt,m3_lo,m3_hi,m4_pt,m4_lo,m4_hi,m5_pt,m5_lo,m5_hi,m6_pt,m6_lo,m6_hi,m7_pt,m7_lo,m7_hi,system_b,m3_cov_a,m4_cov_a,m5_cov_a,m6_cov_a,m7_cov_a,m1_dir_wrong
DSPy RS,Yi-1.5-6B,500000,6,0.1611788519070111,0.19584332533972823,-0.03466447343271714,0.19584332533972823,0.19584332533972823,0.1738519627408251,0.21783468793863137,0.17731629392971246,0.14737249944539405,0.20726008841403087,0.19600638977635781,0.18942311479830481,0.20258966475441081,0.16155398935773652,0.14521518170461117,0.17793076827325532,0.16155398935773652,0.14470599240990473,0.17831555102615884,0.19584332533972823,False,True,False,True,True,False
DSPy RS,Yi-1.5-6B,1500000,6,0.19309972825186533,0.19584332533972823,-0.002743597087862898,0.21422861710631494,0.21422861710631494,0.19149260652273942,0.23696462768989046,0.19808306709265175,0.16683634746039683,0.22932978672490667,0.21054313099041533,0.2043789749734041,0.21670728700742656,0.1928881972451672,0.1749229320115668,0.21113647708673658,0.1928881972451672,0.1741555600160909,0.2105787255856156,0.19584332533972823,True,True,False,True,True,True
DSPy RS,Yi-1.5-6B,3000000,6,0.19307591314681377,0.19584332533972823,-0.002767412192914459,0.21103117505995203,0.21103117505995203,0.1884196087765407,0.23364274134336335,0.19329073482428116,0.16233222102431275,0.22424924862424958,0.2049520766773163,0.19994151367380636,0.20996263968082624,0.19361014032191684,0.1758037304447189,0.2115464857139682,0.19361014032191684,0.17559865998967636,0.21161927335292624,0.19584332533972823,True,True,False,True,True,True
DSPy RS,Yi-1.5-6B,6500000,6,0.1932011147940569,0.19584332533972823,-0.0026422105456713196,0.20783373301358912,0.20783373301358912,0.1853486959363718,0.23031877009080645,0.1964856230031949,0.16533417219682128,0.2276370738095685,0.20175718849840257,0.19663058009421824,0.2068837969025869,0.19411029863271984,0.17645801998942603,0.21218951335552838,0.19411029863271984,0.17606678416436977,0.2121794506468976,0.19584332533972823,True,True,False,True,True,True
DSPy RS,Qwen2-7B,500000,6,0.25791339393972273,0.2573940847322142,0.0005193092075085337,0.26458832933653076,0.26458832933653076,0.24014400613089806,0.2890326525421634,0.21725239616613418,0.18492213419704576,0.2495826581352226,0.25303514376996805,0.24089917289255655,0.2651711146473796,0.25602200824668137,0.23468359715274098,0.27797212568883056,0.25602200824668137,0.23134076777407067,0.27732469303012103,0.2573940847322142,True,False,True,True,True,False
DSPy RS,Qwen2-7B,1500000,6,0.26204328736203913,0.2573940847322142,0.004649202629824933,0.266986410871303,0.266986410871303,0.2424716304257385,0.29150119131686747,0.23961661341853036,0.2061516129544546,0.2730816138826061,0.2579872204472844,0.24752530750308532,0.26844913339148346,0.26044719080217005,0.23834772229072698,0.28314409524777867,0.26044719080217005,0.23652096837955947,0.2819616808816095,0.2573940847322142,True,True,True,True,True,False
DSPy RS,Qwen2-7B,3000000,6,0.26419860260002664,0.2573940847322142,0.006804517867812443,0.26938449240607515,0.26938449240607515,0.2448001749606852,0.29396880985146506,0.23961661341853036,0.2061516129544546,0.2730816138826061,0.25878594249201275,0.2501543975865505,0.267417487397475,0.2632568548030804,0.24143909853393064,0.2862842473250721,0.2632568548030804,0.23897982568845533,0.2851045027900431,0.2573940847322142,True,True,True,True,True,False
DSPy RS,Qwen2-7B,6500000,6,0.26259219080010016,0.2573940847322142,0.005198106067885955,0.2685851318944844,0.2685851318944844,0.24402389168473693,0.2931463721042319,0.23961661341853036,0.2061516129544546,0.2730816138826061,0.2592651757188499,0.2501578140043035,0.2683725374333963,0.260963450573532,0.23863908198160552,0.28314846668948457,0.260963450573532,0.23662794909160823,0.2826375402599161,0.2573940847322142,True,True,True,True,True,False
DSPy RS,Qwen2.5-3B,500000,6,0.2828150415165061,0.24860111910471622,0.03421392241178989,0.32214228617106316,0.32214228617106316,0.29624700946810567,0.34803756287402066,0.3035143769968051,0.26746798721342463,0.3395607667801856,0.30575079872204475,0.29787712038194514,0.31362447706214436,0.27756900159424486,0.2575698012541986,0.2970247404654989,0.27756900159424486,0.25671911713736906,0.2978709439229348,0.24860111910471622,False,True,False,True,True,False
DSPy RS,Qwen2.5-3B,1500000,6,0.29022581489608823,0.24860111910471622,0.04162469579137201,0.32533972821742607,0.32533972821742607,0.299377704953577,0.3513017514812751,0.31150159744408945,0.27519398673907863,0.34780920814910027,0.3156549520766773,0.3078062141804218,0.32350368997293283,0.28406507003651804,0.2643839034048754,0.30483821973102326,0.28406507003651804,0.262412644363328,0.30421335162501356,0.24860111910471622,False,True,False,True,True,False
DSPy RS,Qwen2.5-3B,3000000,6,0.29387247529894966,0.24860111910471622,0.04527135619423345,0.3205435651478817,0.3205435651478817,0.2946821815601159,0.3464049487356475,0.30990415335463256,0.2736477710307623,0.3461605356785028,0.3065495207667731,0.29847605692390156,0.31462298460964466,0.2869468337714817,0.26693636118145725,0.30740339174841486,0.2869468337714817,0.265234135260322,0.307238405174493,0.24860111910471622,False,True,False,True,True,False
DSPy RS,Qwen2.5-3B,6500000,6,0.3017571756634522,0.24860111910471622,0.05315605655873601,0.3301358912869704,0.3301358912869704,0.30407632748735136,0.35619545508658945,0.3146964856230032,0.2782879267786719,0.3511050444673344,0.32012779552715653,0.3121797654113942,0.3280758256429189,0.29621065861398016,0.27581533067615704,0.3168537012105816,0.29621065861398016,0.2739104653465725,0.3168450296681327,0.24860111910471622,False,True,False,True,True,False
DSPy RS,Qwen2.5-7B,500000,6,0.33946394014638537,0.3061550759392486,0.033308864207136746,0.34852118305355717,0.34852118305355717,0.3221158192255268,0.37492654688158755,0.3450479233226837,0.30777782543452675,0.38231802121084063,0.34297124600638973,0.3347820449580279,0.3511604470547516,0.34232013111264237,0.317642055426017,0.36692027499136526,0.34232013111264237,0.31671067544143433,0.3669297470666284,0.3061550759392486,True,True,True,True,True,False
DSPy RS,Qwen2.5-7B,1500000,6,0.34382363578144054,0.3061550759392486,0.03766855984219192,0.3501199040767386,0.3501199040767386,0.32368654017287724,0.37655326798059996,0.34345047923322686,0.30622143641600214,0.3806795220504516,0.34376996805111826,0.33687041311160515,0.35066952299063137,0.3480668580403318,0.32315713013582004,0.3736517946644361,0.3480668580403318,0.3217318241592406,0.37360185794698186,0.3061550759392486,True,True,True,True,True,False
DSPy RS,Qwen2.5-7B,3000000,6,0.34248974149097927,0.3061550759392486,0.03633466555173065,0.34852118305355717,0.34852118305355717,0.3221158192255268,0.37492654688158755,0.34185303514376997,0.30466551449964036,0.3790405557878996,0.3420127795527157,0.33523290193585964,0.34879265716957175,0.34655243992807655,0.32144107604572664,0.3719166130122026,0.34655243992807655,0.320149187147391,0.3719690647271621,0.3061550759392486,True,True,True,True,True,False
DSPy RS,Qwen2.5-7B,6500000,6,0.34250200024593985,0.3061550759392486,0.03634692430669123,0.34852118305355717,0.34852118305355717,0.3221158192255268,0.37492654688158755,0.34185303514376997,0.30466551449964036,0.3790405557878996,0.3450479233226837,0.33783984208015533,0.35225600456521206,0.3469528047651869,0.3221512186896311,0.3723334439243248,0.3469528047651869,0.3205315672550295,0.37207578427896715,0.3061550759392486,True,True,True,True,True,False
DSPy RS,Qwen3-8B,500000,6,0.3788483048235883,0.3733013589128697,0.0055469459107185815,0.3876898481215028,0.3876898481215028,0.36069037054325814,0.4146893256997475,0.36900958466453676,0.33117872003779525,0.40684044929127827,0.38242811501597446,0.37294994971940076,0.39190628031254815,0.3802969099910376,0.35551260283043984,0.4068475326777821,0.3802969099910376,0.3552451215429588,0.4063572200777976,0.3733013589128697,True,True,True,True,True,False
DSPy RS,Qwen3-8B,1500000,6,0.3829255063479317,0.3733013589128697,0.009624147435062014,0.3980815347721823,0.3980815347721823,0.3709557528264794,0.42520731671788514,0.3817891373801917,0.34370043629383873,0.4198778384665447,0.3961661341853035,0.38708086532525493,0.40525140304535207,0.3874485106534374,0.3626273564181282,0.4128712227797703,0.3874485106534374,0.3622135565493988,0.4122065067261487,0.3733013589128697,True,True,False,True,True,False
DSPy RS,Qwen3-8B,3000000,6,0.38424452724157554,0.3733013589128697,0.010943168328705843,0.3980815347721823,0.3980815347721823,0.3709557528264794,0.42520731671788514,0.3817891373801917,0.34370043629383873,0.4198778384665447,0.3961661341853035,0.38708086532525493,0.40525140304535207,0.3888500407203739,0.36409836669206747,0.4145274872100754,0.3888500407203739,0.3640001363974308,0.41371740724461964,0.3733013589128697,True,True,False,True,True,False
DSPy RS,Qwen3-8B,6500000,6,0.38424452724157554,0.3733013589128697,0.010943168328705843,0.3980815347721823,0.3980815347721823,0.3709557528264794,0.42520731671788514,0.3817891373801917,0.34370043629383873,0.4198778384665447,0.3961661341853035,0.38708086532525493,0.40525140304535207,0.3888500407203739,0.36409836669206747,0.4145274872100754,0.3888500407203739,0.3640001363974308,0.41371740724461964,0.3733013589128697,True,True,False,True,True,False
DSPy RS,GLM-4-9B,500000,6,0.2542758977785302,0.25499600319744203,-0.0007201054189118206,0.2573940847322142,0.2573940847322142,0.2331667354976181,0.2816214339668103,0.23162939297124602,0.19855451361147952,0.2647042723310125,0.24536741214057506,0.23818385288602886,0.2525509713951212,0.24930713202755123,0.22728458670806423,0.2725910644974292,0.24930713202755123,0.22674040379511048,0.27092954820238696,0.25499600319744203,True,True,False,True,True,True
DSPy RS,GLM-4-9B,1500000,6,0.25494109881014504,0.25499600319744203,-5.490438729699454e-05,0.2573940847322142,0.2573940847322142,0.2331667354976181,0.2816214339668103,0.2380191693290735,0.20463088884583547,0.2714074498123115,0.2477635782747604,0.24052225331678795,0.25500490323273284,0.25266158955853146,0.2310719653705659,0.27542259595973656,0.25266158955853146,0.2292646416142592,0.27508440609917956,0.25499600319744203,True,True,True,True,True,True
DSPy RS,GLM-4-9B,3000000,6,0.25440550652500715,0.25499600319744203,-0.0005904966724348815,0.2573940847322142,0.2573940847322142,0.2331667354976181,0.2816214339668103,0.24121405750798722,0.20767298017629332,0.2747551348396811,0.2463258785942492,0.23903934341539523,0.2536124137731032,0.25247035763461817,0.23114425590828802,0.27550083636805334,0.25247035763461817,0.2291379844965963,0.27451528939844766,0.25499600319744203,True,True,False,True,True,True
DSPy RS,GLM-4-9B,6500000,6,0.25494109881014504,0.25499600319744203,-5.490438729699454e-05,0.2573940847322142,0.2573940847322142,0.2331667354976181,0.2816214339668103,0.2380191693290735,0.20463088884583547,0.2714074498123115,0.2477635782747604,0.24052225331678795,0.25500490323273284,0.2526615895585314,0.23107196537056585,0.2754225959597365,0.2526615895585314,0.22926464161425913,0.2750844060991795,0.25499600319744203,True,True,True,True,True,True
DSPy RS,InternLM2.5-7B,500000,6,0.2527222022354983,0.24940047961630696,0.0033217226191913363,0.26458832933653076,0.26458832933653076,0.24014400613089806,0.2890326525421634,0.23162939297124602,0.19855451361147952,0.2647042723310125,0.2621405750798722,0.2534699360363706,0.27081121412337383,0.25432680847687267,0.23080574255784073,0.27696649861733463,0.25432680847687267,0.23156289850262254,0.2772279463675091,0.24940047961630696,True,True,False,True,True,False
DSPy RS,InternLM2.5-7B,1500000,6,0.25401331328546484,0.24940047961630696,0.004612833669157879,0.2621902478017586,0.2621902478017586,0.23781731005684756,0.2865631855466696,0.2220447284345048,0.1894600371896496,0.25462941967936,0.26182108626198086,0.25118078489272094,0.2724613876312408,0.2566866214256145,0.2341886190677861,0.27912679670119017,0.2566866214256145,0.23344716002761362,0.280522361915889,0.24940047961630696,True,True,True,True,True,False
DSPy RS,InternLM2.5-7B,3000000,6,0.2503052135340027,0.24940047961630696,0.0009047339176957436,0.26298960831334933,0.26298960831334933,0.23859277177844068,0.287386444848258,0.24600638977635783,0.21224089723497652,0.27977188231773914,0.2662939297124601,0.25881813686539434,0.2737697225595258,0.2515954095256948,0.22866081693919574,0.27488471718931623,0.2515954095256948,0.22872500954641664,0.2752113265808172,0.24940047961630696,True,True,False,True,True,False
DSPy RS,InternLM2.5-7B,6500000,6,0.25202876320831846,0.24940047961630696,0.0026282835920115044,0.26298960831334933,0.26298960831334933,0.23859277177844068,0.287386444848258,0.24600638977635783,0.21224089723497652,0.27977188231773914,0.2662939297124601,0.25881813686539434,0.2737697225595258,0.25352511913114856,0.2300054242728404,0.2765572727723274,0.25352511913114856,0.2306532498801138,0.27699894865506614,0.24940047961630696,True,True,False,True,True,False
DSPy RS,Llama-3.1-8B,500000,6,0.23011244929838137,0.2222222222222222,0.007890227076159162,0.23980815347721823,0.23980815347721823,0.2161478128518077,0.26346849410262874,0.21565495207667731,0.18341091886690777,0.24789898528644685,0.23003194888178916,0.22232436872039021,0.2377395290431881,0.2303010424339295,0.2103518910820482,0.24985321668056767,0.2303010424339295,0.20919705193898092,0.2507413692166218,0.2222222222222222,True,True,True,True,True,False
DSPy RS,Llama-3.1-8B,1500000,6,0.25107993995379513,0.2222222222222222,0.02885771773157292,0.2821742605915268,0.2821742605915268,0.2572343077557642,0.30711421342728934,0.2571884984025559,0.22292109920304232,0.2914558976020695,0.2742811501597444,0.26422243228796266,0.28433986803152617,0.2503855485392857,0.22996742286298338,0.27156566000144583,0.2503855485392857,0.2289078220544396,0.2709404673758794,0.2222222222222222,False,True,False,True,True,False
DSPy RS,Llama-3.1-8B,3000000,6,0.25080244507615534,0.2222222222222222,0.028580222853933135,0.28457234212629895,0.28457234212629895,0.2595685071767063,0.3095761770758916,0.26198083067092653,0.2275073891804681,0.296454272161385,0.2749201277955271,0.2679971688403021,0.2818430867507521,0.24909837112394126,0.22827525726774373,0.2700630532791104,0.24909837112394126,0.22700223090208527,0.2690907701180966,0.2222222222222222,False,True,False,True,True,False
DSPy RS,Llama-3.1-8B,6500000,6,0.25200004183347174,0.2222222222222222,0.029777819611249534,0.2837729816147082,0.2837729816147082,0.2587903440108301,0.3087556192185863,0.26198083067092653,0.2275073891804681,0.296454272161385,0.27284345047923325,0.2650624510795303,0.2806244498789362,0.2506068216885427,0.23020517298591098,0.27165249354593723,0.2506068216885427,0.22879962653397265,0.27016191197278594,0.2222222222222222,False,True,False,True,True,False
DSPy RS,Phi-3.5,500000,5,0.26675277867557795,0.26298960831334933,0.0037631703622286183,0.2853717026378897,0.2853717026378897,0.2603467667068255,0.3103966385689539,0.28115015974440893,0.24590460745333959,0.3163957120354783,0.27428115015974436,0.2676238369228033,0.28093846339668543,0.26393784408502907,0.24196874120089906,0.2851986499489175,0.26393784408502907,0.24323435354550835,0.2850251828093873,0.26298960831334933,True,True,False,True,True,False
DSPy RS,Phi-3.5,1500000,6,0.2775976044468925,0.26298960831334933,0.014607996133543188,0.3053557154276579,0.3053557154276579,0.27983389336263426,0.3308775374926815,0.26677316293929715,0.23209897427993487,0.30144735159865943,0.29536741214057505,0.28699589083840926,0.30373893344274083,0.27508041913028725,0.2527487875681189,0.2974375630954677,0.27508041913028725,0.2540196317041082,0.29665604718155775,0.26298960831334933,False,True,False,True,True,False
DSPy RS,Phi-3.5,3000000,6,0.2793823613136996,0.26298960831334933,0.016392753000350258,0.3053557154276579,0.3053557154276579,0.27983389336263426,0.3308775374926815,0.3019169329073482,0.26592432212530387,0.3379095436893926,0.29281150159744407,0.28810354967353213,0.297519453521356,0.27509236817512706,0.25330708512260264,0.29641917928034917,0.27509236817512706,0.25430095088539606,0.29575392855213206,0.26298960831334933,False,True,False,True,True,False
DSPy RS,Phi-3.5,6500000,6,0.27423445850206385,0.26298960831334933,0.011244850188714517,0.29256594724220625,0.29256594724220625,0.2673553993087753,0.3177764951756372,0.28753993610223644,0.25205488692941524,0.32302498527505763,0.28338658146964857,0.27942120961149963,0.2873519533277975,0.27032350190781784,0.24870695620347397,0.291286473752871,0.27032350190781784,0.2492498806216506,0.29054343176556113,0.26298960831334933,True,True,False,True,True,False
DSPy RS,Mistral-v0.1,500000,6,0.14012768593461322,0.13029576338928858,0.00983192254532464,0.14628297362110312,0.14628297362110312,0.12669988099779272,0.16586606624441352,0.12140575079872204,0.09580045069104709,0.147011050906397,0.13817891373801916,0.13197591677283202,0.1443819107032063,0.13920273222669258,0.12352161514064935,0.15535872281916824,0.13920273222669258,0.12388118409049281,0.15402187914330207,0.13029576338928858,True,True,True,True,True,False
DSPy RS,Mistral-v0.1,1500000,6,0.14241675491456712,0.13029576338928858,0.01212099152527854,0.14948041566746603,0.14948041566746603,0.12972156294752735,0.16923926838740472,0.13258785942492013,0.10600016428271729,0.15917555456712296,0.1369009584664537,0.13114385117055422,0.14265806576235318,0.14281544113065267,0.12652519358098013,0.15934021648881444,0.14281544113065267,0.12652497164371895,0.15899168788676002,0.13029576338928858,True,True,True,True,True,False
DSPy RS,Mistral-v0.1,3000000,6,0.14215676875471758,0.13029576338928858,0.011861005365429,0.14948041566746603,0.14948041566746603,0.12972156294752735,0.16923926838740472,0.13258785942492013,0.10600016428271729,0.15917555456712296,0.13929712460063898,0.13465733907174804,0.14393691012952992,0.14318937749103616,0.12656037786442048,0.16006689903784005,0.14318937749103616,0.12681806556079087,0.1593767740376411,0.13029576338928858,True,True,True,True,True,False
DSPy RS,Mistral-v0.1,6500000,6,0.14267882528436984,0.13029576338928858,0.01238306189508126,0.14948041566746603,0.14948041566746603,0.12972156294752735,0.16923926838740472,0.13258785942492013,0.10600016428271729,0.15917555456712296,0.13913738019169328,0.13467750442096918,0.14359725596241737,0.14286819395820735,0.12627425033474934,0.15957710463236208,0.14286819395820735,0.12671689969174374,0.15894631702093215,0.13029576338928858,True,True,True,True,True,False
DSPy RS,Mistral-v0.3,500000,6,0.16517318040668003,0.16946442845723422,-0.004291248050554197,0.16786570743405277,0.16786570743405277,0.14715451428036952,0.18857690058773602,0.15175718849840256,0.12362841521601038,0.17988596178079472,0.1595846645367412,0.15295095363684805,0.16621837543663434,0.16420413845113388,0.1464816307170996,0.1818140357195909,0.16420413845113388,0.14715545224228183,0.18126194511478994,0.16946442845723422,True,True,True,True,True,False
DSPy RS,Mistral-v0.3,1500000,6,0.16613547759058442,0.16946442845723422,-0.0033289508666498047,0.17426059152677859,0.17426059152677859,0.15323982665749755,0.19528135639605962,0.16773162939297126,0.13843921019178224,0.19702404859416028,0.1634185303514377,0.1574114333228576,0.1694256273800178,0.1646944645198015,0.14671114031900334,0.18173372495044995,0.1646944645198015,0.14771426131796167,0.18172924585331804,0.16946442845723422,True,True,True,True,True,True
DSPy RS,Mistral-v0.3,3000000,6,0.16402162204540668,0.16946442845723422,-0.005442806411827539,0.17585931254996004,0.17585931254996004,0.15476279458073086,0.19695583051918922,0.16932907348242812,0.13992575595345666,0.19873239101139958,0.168370607028754,0.16162334084492783,0.17511787321258018,0.16306800839552898,0.14516938975275454,0.17971815501790417,0.16306800839552898,0.1458742697521468,0.1802803903367936,0.16946442845723422,True,True,True,True,True,True
DSPy RS,Mistral-v0.3,6500000,6,0.1689488992924766,0.16946442845723422,-0.000515529164757611,0.17585931254996004,0.17585931254996004,0.15476279458073086,0.19695583051918922,0.16932907348242812,0.13992575595345666,0.19873239101139958,0.16709265175718852,0.15984118061943525,0.17434412289494178,0.16848363028970298,0.1504724376265205,0.18603609444698382,0.16848363028970298,0.15038213100156808,0.18614829913725423,0.16946442845723422,True,True,True,True,True,True
Original RS,Yi-1.5-6B,500000,?,0.14662631645805865,0.22541966426858512,-0.07879334781052647,0.19744204636290968,0.19744204636290968,0.17538306570683918,0.2195010270189802,0.19968051118210864,0.1683393127639173,0.23102170960029997,0.18258785942492012,0.17085562430653226,0.19432009454330798,0.14717445785860342,0.13456255538737,0.15975672176224204,0.14717445785860342,0.13432445171789428,0.1594367110888367,0.22541966426858512,False,False,False,True,True,False
Original RS,Yi-1.5-6B,1500000,?,0.1620706847471365,0.22541966426858512,-0.0633489795214486,0.16706634692246203,0.16706634692246203,0.14639460333505605,0.187738090509868,0.1900958466453674,0.1593335192566408,0.22085817403409402,0.19137380191693293,0.18012138651980172,0.20262621731406413,0.16284507855655,0.15108448181576317,0.17431073446362474,0.16284507855655,0.15091692921383731,0.17489561067200907,0.22541966426858512,True,True,False,True,True,False
Original RS,Yi-1.5-6B,3000000,?,0.16435845490709358,0.22541966426858512,-0.061061209361491536,0.15667466027178256,0.15667466027178256,0.13653165008751442,0.1768176704560507,0.1757188498402556,0.1458813161170495,0.2055563835634617,0.18865814696485622,0.18383906549389048,0.19347722843582196,0.165047759398327,0.15277418232512796,0.1777267194976448,0.165047759398327,0.1523157932460705,0.17755793222114635,0.22541966426858512,True,True,False,True,True,False
Original RS,Yi-1.5-6B,6500000,?,0.18704075085319688,0.22541966426858512,-0.03837891341538824,0.17346123101518784,0.17346123101518784,0.15247858552509677,0.19444387650527892,0.20607028753993611,0.1743589340351767,0.23778164104469554,0.20814696485623005,0.19889013463880445,0.21740379507365565,0.1891531176118671,0.17512495260271055,0.20331317074445554,0.1891531176118671,0.17438225743498253,0.20271229182066983,0.22541966426858512,True,True,False,True,True,False
Original RS,Qwen2-7B,500000,?,0.24268182360880763,0.2837729816147082,-0.041091158005900574,0.24620303756994405,0.24620303756994405,0.2223303501584935,0.2700757249813946,0.2747603833865815,0.23976313665148463,0.30975763012167834,0.28402555910543137,0.2752946420157063,0.29275647619515643,0.24116770441473304,0.2224294825143128,0.26032566136715807,0.24116770441473304,0.22155102445994104,0.25946223065449625,0.2837729816147082,True,True,False,True,True,False
Original RS,Qwen2-7B,1500000,?,0.26407030513395335,0.2837729816147082,-0.019702676480754855,0.2621902478017586,0.2621902478017586,0.23781731005684756,0.2865631855466696,0.2747603833865815,0.23976313665148463,0.30975763012167834,0.289297124600639,0.2819750238594128,0.2966192253418652,0.2646450319789695,0.24453159572702238,0.2850014264797155,0.2646450319789695,0.24373139474015368,0.28333514465088194,0.2837729816147082,True,True,False,True,True,False
Original RS,Qwen2-7B,3000000,?,0.2634781391898138,0.2837729816147082,-0.020294842424894433,0.2597921662669864,0.2597921662669864,0.23549155038380645,0.2840927821501664,0.26996805111821087,0.23516292740207756,0.3047731748343442,0.2730031948881789,0.2601131693441524,0.28589322043220544,0.2645184748856192,0.24428519601098886,0.28502811804594474,0.2645184748856192,0.24373947901903187,0.2838463113647361,0.2837729816147082,True,True,True,True,True,False
Original RS,Qwen2-7B,6500000,?,0.2566129078286086,0.2837729816147082,-0.02716007378609958,0.26298960831334933,0.26298960831334933,0.23859277177844068,0.287386444848258,0.2507987220447284,0.21681444957575785,0.284782994513699,0.2690095846645367,0.2583439771439768,0.2796751921850967,0.2550799263431337,0.23504241202527845,0.2755236348555225,0.2550799263431337,0.233481571200033,0.2747624752376827,0.2837729816147082,True,True,False,True,True,False
Original RS,Qwen2.5-3B,500000,?,0.23989059642810098,0.2621902478017586,-0.02229965137365761,0.23741007194244604,0.23741007194244604,0.21383122741571056,0.26098891646918154,0.2364217252396166,0.2031108122939915,0.26973263818524174,0.24329073482428115,0.23494736499755461,0.2516341046510077,0.23799690857559516,0.2191987652314189,0.25688509062872256,0.23799690857559516,0.2196124033206974,0.25667051654660533,0.2621902478017586,True,True,True,True,True,False
Original RS,Qwen2.5-3B,1500000,?,0.24668782746226517,0.2621902478017586,-0.015502420339493422,0.25259792166266987,0.25259792166266987,0.22851997469563057,0.27667586862970917,0.25878594249201275,0.2244492683482583,0.2931226166357672,0.2654952076677316,0.2565754561262834,0.2744149592091798,0.2458852851243741,0.226331923708601,0.2646384064387502,0.2458852851243741,0.2259075031943985,0.2654755771093714,0.2621902478017586,True,True,False,True,True,False
Original RS,Qwen2.5-3B,3000000,?,0.23937986281164317,0.2621902478017586,-0.022810384990115423,0.2589928057553957,0.2589928057553957,0.23471650669193386,0.2832691048188575,0.21405750798722045,0.1819004225105729,0.246214593463868,0.2512779552715655,0.2383151255683721,0.2642407849747589,0.23779095989830154,0.2186032539974476,0.25687582189509117,0.23779095989830154,0.21849263090103915,0.25645267675260125,0.2621902478017586,True,True,True,True,True,False
Original RS,Qwen2.5-3B,6500000,?,0.24754268508338595,0.2621902478017586,-0.014647562718372642,0.25259792166266987,0.25259792166266987,0.22851997469563057,0.27667586862970917,0.2476038338658147,0.21376479399498502,0.28144287373664434,0.26006389776357824,0.2541265624077644,0.2660012331193921,0.24550742980742882,0.22545966949511334,0.265677890749989,0.24550742980742882,0.2245163254069962,0.26635868769941,0.2621902478017586,True,True,False,True,True,False
Original RS,Qwen2.5-7B,500000,?,0.21331930410687627,0.32454036770583533,-0.11122106359895906,0.2973621103117506,0.2973621103117506,0.27203206222295895,0.3226921584005422,0.3035143769968051,0.26746798721342463,0.3395607667801856,0.323482428115016,0.315207486402125,0.331757369827907,0.21277084978426516,0.1963918438900816,0.23037196227172999,0.21277084978426516,0.1951556053586208,0.2293999418524643,0.32454036770583533,False,False,False,True,True,False
Original RS,Qwen2.5-7B,1500000,?,0.3109939406126378,0.32454036770583533,-0.013546427093197533,0.33093525179856115,0.33093525179856115,0.3048597300900938,0.3570107735070285,0.3274760383386581,0.29068350365764395,0.3642685730196723,0.3292332268370607,0.32076854343662786,0.3376979102374935,0.3116394834130004,0.2887208374264658,0.33643578192913337,0.3116394834130004,0.28817301881119367,0.3344875621503993,0.32454036770583533,True,True,False,True,True,True
Original RS,Qwen2.5-7B,3000000,?,0.31285063660730394,0.32454036770583533,-0.011689731098531386,0.3213429256594724,0.3213429256594724,0.2954645520536151,0.34722129926532974,0.3226837060702875,0.28603148119235566,0.35933593094821936,0.3169329073482428,0.3108262719299925,0.3230395427664931,0.3132988428344705,0.2899082635513802,0.33816978976399764,0.3132988428344705,0.28826833509010535,0.33604680446873775,0.32454036770583533,True,True,True,True,True,False
Original RS,Qwen2.5-7B,6500000,?,0.31859748875628163,0.32454036770583533,-0.005942878949553698,0.3213429256594724,0.3213429256594724,0.2954645520536151,0.34722129926532974,0.2971246006389776,0.26129643776609335,0.33295276351186187,0.3110223642172524,0.30605108494799926,0.3159936434865055,0.3202272004301488,0.2966824782436028,0.3455896161090139,0.3202272004301488,0.2955909891208387,0.3420549530108495,0.32454036770583533,True,True,False,True,True,False
Original RS,Qwen3-8B,500000,?,0.29368143697857857,0.3285371661186218,-0.03485572914004326,0.37090328335762024,0.37090328335762024,0.34413524998478784,0.39767131673045264,0.3594249188899994,0.3218361565938903,0.39701368118610847,0.35079365968704224,0.31803084019335,0.3835564791807345,0.29160672426223755,0.27113791939843807,0.31207552912603703,0.29054102599620824,0.26904347750086355,0.3120385744915529,0.33146964609622953,False,False,False,True,True,True
Original RS,Qwen3-8B,1500000,?,0.34598828430712225,0.3285371661186218,0.017451118188500425,0.37250199913978577,0.37250199913978577,0.3457104468124843,0.3992935514670872,0.3658146858215332,0.32808288043201445,0.40354649121105196,0.3539682626724243,0.3176734500511846,0.39026307529366405,0.3456434905529022,0.32385705116972796,0.3674299299360765,0.35240604877471926,0.32929610627569,0.3755159912737485,0.32923322618007667,True,True,True,True,True,False
Original RS,Qwen3-8B,3000000,?,0.3449035942745209,0.3285371661186218,0.01636642815589906,0.37250199913978577,0.37250199913978577,0.3457104468124843,0.3992935514670872,0.35782748460769653,0.3202756118810173,0.3953793573343758,0.3523809611797333,0.3177930184350026,0.3869689039244639,0.3441247045993805,0.32275917869753523,0.36549023050122575,0.3473481625318527,0.32516125826958925,0.36953506679411613,0.3274760365486145,False,True,True,True,True,False
Original RS,Qwen3-8B,6500000,?,0.35340546193242073,0.3285371661186218,0.024868295813798902,0.37250199913978577,0.37250199913978577,0.3457104468124843,0.3992935514670872,0.3482428193092346,0.31092185133382994,0.3855637872846393,0.3460317552089691,0.3111650977021695,0.38089841271576874,0.35323742032051086,0.33109166990812805,0.3753831707328937,0.35649795234203346,0.3333444701182256,0.37965143456584133,0.3289137333631516,True,True,True,True,True,False
Original RS,GLM-4-9B,500000,?,0.18865632259468523,0.23181454836131096,-0.04315822576662573,0.2246203037569944,0.2246203037569944,0.20149384513535223,0.24774676237863658,0.20926517571884984,0.17737330633223852,0.24115704510546115,0.22396166134185305,0.21807406717542632,0.22984925550827978,0.18674883591578487,0.17008473356493917,0.20444878604448755,0.18674883591578487,0.16855786247436005,0.2039639997579084,0.23181454836131096,False,True,False,True,True,False
Original RS,GLM-4-9B,1500000,?,0.22060423213941377,0.23181454836131096,-0.011210316221897193,0.22621902478017586,0.22621902478017586,0.20303435026884445,0.24940369929150727,0.20926517571884984,0.17737330633223852,0.24115704510546115,0.22699680511182105,0.2180151728563782,0.2359784373672639,0.2182648163699441,0.1979907961326983,0.23825544702782087,0.2182648163699441,0.1979012332269419,0.23803001234547047,0.23181454836131096,True,True,True,True,True,False
Original RS,GLM-4-9B,3000000,?,0.2177911580029093,0.23181454836131096,-0.014023390358401666,0.21103117505995203,0.21103117505995203,0.1884196087765407,0.23364274134336335,0.2268370607028754,0.19400421070859453,0.2596699106971563,0.22987220447284348,0.22429851386351257,0.2354458950821744,0.21574490993937667,0.19617574668739346,0.2363616132612721,0.21574490993937667,0.19520206977119417,0.23492444771782842,0.23181454836131096,True,True,False,True,True,False
Original RS,GLM-4-9B,6500000,?,0.22666809097553897,0.23181454836131096,-0.005146457385771991,0.23501199040767387,0.23501199040767387,0.21151567621650444,0.2585083045988433,0.21405750798722045,0.1819004225105729,0.246214593463868,0.23242811501597446,0.2261935905441837,0.23866263948776523,0.22526281118173835,0.2050177570780425,0.24680972942185483,0.22526281118173835,0.20454645446929542,0.2458690102183603,0.23181454836131096,True,True,True,True,True,True
Original RS,InternLM2.5-7B,500000,?,0.2011228196684094,0.2446043165467626,-0.043481496878353204,0.24380495603517185,0.24380495603517185,0.22001105808029256,0.2675988539900511,0.24600638977635783,0.21224089723497652,0.27977188231773914,0.2523961661341853,0.2450935043361682,0.25969882793220245,0.2017830965591551,0.18532963993888207,0.21834297847844722,0.2017830965591551,0.18509178214134753,0.21754039693319852,0.2446043165467626,False,False,False,True,True,False
Original RS,InternLM2.5-7B,1500000,?,0.24359052744166168,0.2446043165467626,-0.0010137891051009151,0.23980815347721823,0.23980815347721823,0.2161478128518077,0.26346849410262874,0.24440894568690097,0.2107176265702292,0.27810026480357275,0.2559105431309904,0.2502262647393983,0.26159482152258245,0.24535017430103806,0.22586615223462636,0.2656048188580043,0.24535017430103806,0.22596202054818643,0.2645253395770352,0.2446043165467626,True,True,False,True,True,False
Original RS,InternLM2.5-7B,3000000,?,0.2438327814040934,0.2446043165467626,-0.0007715351426691996,0.2557953637090328,0.2557953637090328,0.23161738802532317,0.2799733393927424,0.24440894568690097,0.2107176265702292,0.27810026480357275,0.25463258785942494,0.24847798127652423,0.2607871944423256,0.24551975586103034,0.22583345235414992,0.2654114621651927,0.24551975586103034,0.22592441742166605,0.2654688153048909,0.2446043165467626,True,True,False,True,True,True
Original RS,InternLM2.5-7B,6500000,?,0.23948356118002284,0.2446043165467626,-0.005120755366739754,0.24380495603517185,0.24380495603517185,0.22001105808029256,0.2675988539900511,0.24440894568690097,0.2107176265702292,0.27810026480357275,0.260702875399361,0.25489913049021395,0.266506620308508,0.24259521892734287,0.223533971073966,0.2611402802902811,0.24259521892734287,0.22328900688916103,0.2609987129637057,0.2446043165467626,True,True,False,True,True,False
Original RS,Llama-3.1-8B,500000,?,0.14506226913250123,0.24380495603517185,-0.09874268690267063,0.20303756994404476,0.20303756994404476,0.1807463136973714,0.22532882619071812,0.18849840255591055,0.1578354063500491,0.21916139876177199,0.1979233226837061,0.19221065927987324,0.20363598608753897,0.14356095614289982,0.13137352075392253,0.1551854118176991,0.14356095614289982,0.13048043598199904,0.15487811509428284,0.24380495603517185,False,False,False,True,True,False
Original RS,Llama-3.1-8B,1500000,?,0.2109991886988849,0.24380495603517185,-0.032805767336286956,0.1838529176658673,0.1838529176658673,0.16238712670056873,0.20531870863116589,0.23322683706070288,0.20007262003196155,0.26638105408944424,0.2271565495207668,0.22245380608602988,0.23185929295550373,0.21314744794782886,0.19538233560952972,0.23085167857737993,0.21314744794782886,0.19588931139530616,0.23059816807227648,0.24380495603517185,False,True,False,True,True,False
Original RS,Llama-3.1-8B,3000000,?,0.21156614761863354,0.24380495603517185,-0.03223880841653831,0.1926458832933653,0.1926458832933653,0.17079146179035848,0.2145003047963721,0.21405750798722045,0.1819004225105729,0.246214593463868,0.21661341853035143,0.20871487849800424,0.22451195856269862,0.2145594515653734,0.19633084091373662,0.2328927010189447,0.2145594515653734,0.19614288894661952,0.2328526801359515,0.24380495603517185,True,True,True,True,True,False
Original RS,Llama-3.1-8B,6500000,?,0.2125601432869615,0.24380495603517185,-0.031244812748210365,0.2214228617106315,0.2214228617106315,0.19841430008078623,0.24443142334047677,0.21884984025559107,0.1864340627633897,0.25126561774779244,0.21964856230031948,0.2109013797164185,0.22839574488422046,0.21441717443425387,0.19596188348761567,0.23247826795446494,0.21441717443425387,0.19638635291132323,0.23269866574230766,0.24380495603517185,True,True,True,True,True,False
Original RS,Phi-3.5,500000,?,0.17497322731669265,0.19184652278177458,-0.016873295465081928,0.20783373301358912,0.20783373301358912,0.1853486959363718,0.23031877009080645,0.23322683706070288,0.20007262003196155,0.26638105408944424,0.23498402555910544,0.22706998663027056,0.24289806448794032,0.17440649070150557,0.15792000902914344,0.190432266222608,0.17440649070150557,0.15766176904875182,0.19087658178792968,0.19184652278177458,False,False,False,True,True,True
Original RS,Phi-3.5,1500000,?,0.19778726109529585,0.19184652278177458,0.0059407383135212655,0.2038369304556355,0.2038369304556355,0.18151304084822295,0.22616082006304805,0.22523961661341854,0.19248879834992136,0.2579904348769157,0.22172523961661345,0.2071279726490838,0.23632250658414308,0.19861262663343907,0.1812166589746846,0.21602011549767344,0.19861262663343907,0.18098000385054427,0.21606593996268078,0.19184652278177458,True,True,False,True,True,False
Original RS,Phi-3.5,3000000,?,0.1960325681691344,0.19184652278177458,0.00418604538735981,0.23741007194244604,0.23741007194244604,0.21383122741571056,0.26098891646918154,0.22044728434504793,0.18794669893593882,0.252947869754157,0.23849840255591054,0.23197496317486432,0.24502184193695675,0.1962856256012247,0.17931672773209872,0.21317570549983156,0.1962856256012247,0.17867066172242532,0.21242784814975893,0.19184652278177458,False,True,False,True,True,False
Original RS,Phi-3.5,6500000,?,0.1998960859927766,0.19184652278177458,0.008049563211002031,0.23581135091926458,0.23581135091926458,0.21228741103189758,0.2593352908066316,0.22044728434504793,0.18794669893593882,0.252947869754157,0.23546325878594251,0.22890758988793034,0.2420189276839547,0.20065463606014675,0.1822784441207159,0.21900866138649208,0.20065463606014675,0.18190862917418987,0.21926037073430635,0.19184652278177458,False,True,False,True,True,False
Original RS,Mistral-v0.1,500000,?,0.12997947559948883,0.15267785771382894,-0.02269838211434011,0.13828936850519585,0.13828936850519585,0.11915991607341932,0.15741882093697238,0.12939297124600638,0.10307923664818616,0.1557067058438266,0.134185303514377,0.12701813886299398,0.14135246816576,0.12901555223839425,0.11355838275241527,0.14422675236412702,0.12901555223839425,0.11419675624109422,0.14415264398828984,0.15267785771382894,True,True,True,True,True,False
Original RS,Mistral-v0.1,1500000,?,0.13566647062623483,0.15267785771382894,-0.017011387087594115,0.1334932054356515,0.1334932054356515,0.11464617276061924,0.15234023811068373,0.12939297124600638,0.10307923664818616,0.1557067058438266,0.13738019169329072,0.1297236556706551,0.14503672771592632,0.13523429070580567,0.11949981046057111,0.1513713875705252,0.13523429070580567,0.1195266122622356,0.15046606060767462,0.15267785771382894,True,True,True,True,True,False
Original RS,Mistral-v0.1,3000000,?,0.136541385755802,0.15267785771382894,-0.01613647195802695,0.13269384492406075,0.13269384492406075,0.11389466000193904,0.15149302984618246,0.15814696485623003,0.12954047083888715,0.18675345887357292,0.15383386581469646,0.14466214789942583,0.1630055837299671,0.1360746683878648,0.1205967377301084,0.15159145509033062,0.1360746683878648,0.12042864772681233,0.1512322040014421,0.15267785771382894,True,True,False,True,True,False
Original RS,Mistral-v0.1,6500000,?,0.14589469882554618,0.15267785771382894,-0.006783158888282764,0.13189448441247004,0.13189448441247004,0.11314337398012085,0.1506455948448192,0.15495207667731628,0.1265823316482448,0.18332182170638775,0.15686900958466454,0.14867083537785453,0.16506718379147456,0.14640414788947112,0.12951618590731798,0.16308198524992398,0.14640414788947112,0.13019332379068854,0.1625265114272763,0.15267785771382894,True,True,False,True,True,False
Original RS,Mistral-v0.3,500000,?,0.12388948950455429,0.1630695443645084,-0.039180054859954114,0.1398880895283773,0.1398880895283773,0.12066623585633861,0.15910994320041602,0.15814696485623003,0.12954047083888715,0.18675345887357292,0.1507987220447284,0.14522943021329787,0.15636801387615895,0.1248374137753712,0.11143837038530814,0.13864698893127153,0.1248374137753712,0.11076370713172996,0.13905173431574355,0.1630695443645084,True,False,False,True,True,False
Original RS,Mistral-v0.3,1500000,?,0.15365460309470172,0.1630695443645084,-0.009414941269806687,0.16546762589928057,0.16546762589928057,0.14487529402513577,0.18605995777342538,0.18849840255591055,0.1578354063500491,0.21916139876177199,0.19105431309904156,0.1835373273963787,0.1985712988017044,0.1547851198237968,0.13881877431569675,0.17081616501701558,0.1547851198237968,0.13828166098741998,0.17059166709760282,0.1630695443645084,True,False,False,True,True,True
Original RS,Mistral-v0.3,3000000,?,0.15528289519618182,0.1630695443645084,-0.0077866491683265815,0.16546762589928057,0.16546762589928057,0.14487529402513577,0.18605995777342538,0.16932907348242812,0.13992575595345666,0.19873239101139958,0.1634185303514377,0.15384926881969985,0.17298779188317553,0.15647940244169284,0.14029899272767019,0.17247274865391465,0.15647940244169284,0.13959817828502574,0.17296511354013572,0.1630695443645084,True,True,True,True,True,True
Original RS,Mistral-v0.3,6500000,?,0.15293048167978107,0.1630695443645084,-0.010139062684727335,0.16227018385291767,0.16227018385291767,0.14183875370989033,0.182701613995945,0.17092651757188498,0.1414132498633151,0.20043978528045486,0.16070287539936104,0.15182277718534667,0.1695829736133754,0.15342794150031597,0.13768955930510232,0.16956048321538583,0.15342794150031597,0.1372101357184482,0.1693725390754624,0.1630695443645084,True,True,True,True,True,False
